{"cameraMode":{"drawMode":0,"name":"Shaded","section":"Shading Mode"},"sceneLighting":true,"audioPlay":false,"sceneViewState":{"showFog":true,"showMaterialUpdate":false,"showSkybox":true,"showFlares":true,"showImageEffects":true,"showParticleSystems":true,"showVisualEffectGraphs":true,"m_FxEnabled":true},"in2DMode":false,"pivot":{"x":-0.21490919589996339,"y":-0.4952056109905243,"z":6.281627178192139},"rotation":{"x":-0.0392964743077755,"y":0.017084427177906038,"z":-0.0006534651620313525,"w":-0.9990991950035095},"size":140.543212890625,"orthographic":false}